dataTime,locType,longitude,latitude,heading,accuracy,speed,distance,isBackForeground,stepType,altitude
1789342810,1,-123.120411,49.263688,0.000000,14.298970,-1.000000,0.000000,1,0,61.875971
1789348154,1,-123.120576,49.263398,0.000000,12.460249,0.772556,34.415848,1,0,32.231386
1789348207,1,-123.120083,49.263417,0.000000,14.245955,0.829907,35.944463,1,0,30.817187
1789348235,1,-123.119552,49.263309,0.000000,14.968730,0.012686,40.471530,1,0,35.278783
1789348293,1,-123.118532,49.263249,0.000000,16.995265,-1.000000,74.538545,1,0,30.799002
1789348345,1,-123.117693,49.263302,0.000000,20.921015,-1.000000,61.349222,1,0,29.729445
1789348437,1,-123.116716,49.263285,0.000000,28.766185,-1.000000,71.134653,1,0,29.794431
1789348473,1,-123.115822,49.263221,0.000000,28.158160,-1.000000,65.456621,1,0,26.993061
1789348524,1,-123.115439,49.263411,0.000000,13.552482,0.132478,34.979829,1,0,10.182392
1789348598,1,-123.114859,49.263026,0.000000,41.910822,-1.000000,60.128371,1,0,25.052028
1789349107,1,-123.115547,49.266559,0.000000,61.000000,-1.000000,396.101643,1,0,0.000000
1789349305,1,-123.118394,49.282483,0.000000,176.620996,-1.000000,1783.073379,1,0,29.871572
1789349572,1,-123.112530,49.285660,0.000000,27.495014,-1.000000,553.950551,1,0,12.954138
1789349768,1,-123.112692,49.286272,0.000000,38.546128,0.000000,69.076838,1,0,17.309781
1789349823,1,-123.112234,49.286433,0.000000,35.952182,1.033396,37.828004,1,0,32.258287
1789349852,1,-123.111765,49.286363,0.000000,10.831183,0.409319,34.998928,1,0,9.679841
1789349925,1,-123.111620,49.286697,0.000000,10.339224,0.603354,38.614951,1,0,18.628093
1789350029,1,-123.112458,49.286186,0.000000,29.441641,-1.000000,83.348409,1,0,17.818195
1789350108,1,-123.113377,49.286470,0.000000,16.275124,-1.000000,73.946774,1,0,15.323822
1789350159,1,-123.113180,49.287130,0.000000,23.699869,-1.000000,74.788509,1,0,22.397642
1789350261,1,-123.113605,49.287594,0.000000,28.937962,-1.000000,60.158749,1,0,15.497923
1789350332,1,-123.114220,49.288029,0.000000,23.729060,-1.000000,65.898047,1,0,13.113090
1789350334,1,-123.113835,49.288140,0.000000,8.186526,0.096004,30.610331,1,0,9.306869
1789350424,1,-123.113000,49.288434,0.000000,8.924912,0.184988,68.990663,1,0,3.813527
1789350554,1,-123.113748,49.288322,0.000000,27.236964,-1.000000,55.827954,1,0,13.527137
1789350572,1,-123.113168,49.288273,0.000000,12.676416,0.188543,42.548251,1,0,4.522324
1789350634,1,-123.113960,49.287953,0.000000,20.955534,-1.000000,67.726281,1,0,13.109081
1789350675,1,-123.114234,49.287675,0.000000,3.235429,1.259753,36.787423,1,0,12.835733
1789350857,1,-123.114577,49.287892,0.000000,10.022975,0.225245,34.715778,1,0,4.585791
1789351399,1,-123.115202,49.288394,0.000000,18.354197,0.275733,72.004739,1,0,8.135322
1789351405,1,-123.114885,49.288106,0.000000,7.453628,0.593784,39.469464,1,0,10.382167
1789351562,1,-123.114254,49.288527,0.000000,31.122687,-1.000000,65.573230,1,0,15.050893
1789351583,1,-123.114546,49.288811,0.000000,19.923126,1.505546,38.065133,1,0,28.875784
1789351683,1,-123.114071,49.289249,0.000000,11.787361,0.686252,59.724018,1,0,2.231726
1789351791,1,-123.113973,49.288838,0.000000,53.397631,-1.000000,46.262213,1,0,20.082039
1789351823,1,-123.114606,49.289319,0.000000,29.152107,-1.000000,70.584848,1,0,15.004458
1789351877,1,-123.115127,49.289543,0.000000,25.295529,2.663261,45.355848,1,0,32.083130
1789351960,1,-123.116174,49.289738,0.000000,47.951023,-1.000000,79.194146,1,0,5.658684
1789352093,1,-123.117574,49.290042,0.000000,54.578568,-1.000000,107.311737,1,0,10.998159
1789352142,1,-123.116695,49.290177,0.000000,8.204287,1.081179,65.684069,1,0,2.243044
1789352794,1,-123.117971,49.290147,0.000000,31.061403,-1.000000,92.885753,1,0,4.238115
1789352816,1,-123.117711,49.290365,0.000000,12.402779,0.510366,30.750145,1,0,8.396766
1789352878,1,-123.118200,49.289614,0.000000,31.419401,-1.000000,90.782897,1,0,3.834348
1789352910,1,-123.119003,49.289485,0.000000,34.148854,-1.000000,60.152206,1,0,3.009325
1789353037,1,-123.120129,49.289766,0.000000,30.547746,-1.000000,87.672735,1,0,2.397160
1789353101,1,-123.119168,49.289852,0.000000,38.437790,-1.000000,70.561579,1,0,3.549672
1789353118,1,-123.119871,49.289535,0.000000,57.603285,-1.000000,62.115919,1,0,3.548366
1789353124,1,-123.120427,49.290050,0.000000,7.276962,0.093821,70.118054,1,0,3.737057
1789353168,1,-123.119407,49.290238,0.000000,37.816185,-1.000000,77.091957,1,0,3.818926
1789353184,1,-123.120846,49.290188,0.000000,72.266064,0.000000,104.831318,1,0,11.873557
1789353276,1,-123.120204,49.290422,0.000000,9.880642,0.311777,53.465190,1,0,1.853060
1789353295,1,-123.120064,49.289823,0.000000,56.950342,-1.000000,67.392047,1,0,5.195357
1789353353,1,-123.120268,49.289488,0.000000,73.052575,-1.000000,40.104075,1,0,5.259132
1789353379,1,-123.119714,49.290131,0.000000,96.613671,-1.000000,42.680844,1,0,2.134358
1789353398,1,-123.122495,49.289781,0.000000,99.501840,-1.000000,206.021443,1,0,2.764957
1789353522,1,-123.121585,49.289817,0.000000,26.824634,-1.000000,66.321204,1,0,6.962789
1789353682,1,-123.121913,49.289312,0.000000,19.234750,-1.000000,61.022398,1,0,12.844064
1789353761,1,-123.122767,49.289209,0.000000,29.435553,-1.000000,63.173726,1,0,14.675875
1789354254,1,-123.121986,49.289031,0.000000,21.904052,-1.000000,60.165954,1,0,13.099824
1789354309,1,-123.120912,49.288817,0.000000,24.948656,-1.000000,81.675676,1,0,38.596236
1789354373,1,-123.120133,49.288619,0.000000,24.162246,-1.000000,60.798513,1,0,14.521139
1789354376,1,-123.119143,49.288696,0.000000,14.405809,0.967696,72.528007,1,0,104.639452
1789354437,1,-123.118906,49.288157,0.000000,31.270872,-1.000000,62.375929,1,0,40.396315
1789354502,1,-123.118015,49.289200,0.000000,17.276220,0.338862,132.879901,1,0,51.570000
1789354515,1,-123.118288,49.288397,0.000000,57.836355,-1.000000,91.488395,1,0,69.096652
1789354586,1,-123.117557,49.288053,0.000000,29.922868,-1.000000,65.511117,1,0,56.396652
1789354617,1,-123.116724,49.288114,0.000000,18.367692,0.562600,60.977539,1,0,13.877864
1789354648,1,-123.116614,49.287925,0.000000,20.124080,0.502047,22.491454,1,0,14.775032
1789354668,1,-123.116300,49.287760,0.000000,7.229867,0.165509,29.300766,1,0,13.795483
1789354724,1,-123.115598,49.287569,0.000000,23.269539,1.105977,55.310542,1,0,15.251620
1789354787,1,-123.114925,49.287154,0.000000,27.361865,-1.000000,67.284735,1,0,16.229820
1789354819,1,-123.114202,49.286852,0.000000,23.000158,-1.000000,62.405860,1,0,16.020831
1789354876,1,-123.113773,49.286726,0.000000,14.245955,0.584788,34.210441,1,0,15.925557
1789354903,1,-123.113449,49.286667,0.000000,14.245955,0.059238,24.466554,1,0,15.998566
1789354940,1,-123.113223,49.286352,0.000000,14.245955,1.187808,38.698977,1,0,16.236924
1789354965,1,-123.112942,49.286182,0.000000,14.245955,0.208218,27.844942,1,0,17.508235
1789354990,1,-123.112595,49.285975,0.000000,14.245955,0.773877,34.164703,1,0,16.946674
1789355016,1,-123.112368,49.285756,0.000000,14.245955,0.156541,29.426660,1,0,15.605974
1789355045,1,-123.112014,49.285538,0.000000,14.245955,0.804178,35.369760,1,0,15.820411
1789355075,1,-123.111668,49.285349,0.000000,14.245955,0.636797,32.793189,1,0,15.821629
1789355103,1,-123.111356,49.285138,0.000000,14.245955,0.751202,32.647235,1,0,14.479510
1789355130,1,-123.111129,49.284907,0.000000,14.245955,0.376778,30.540465,1,0,15.246160
1789355250,1,-123.111341,49.285173,0.000000,14.245955,0.465694,33.362073,1,0,14.502703
1789355562,1,-123.114268,49.285157,0.000000,84.195014,-1.000000,212.939734,1,0,13.867365
1789355974,1,-123.118391,49.282487,0.000000,97.672037,-1.000000,422.088537,1,0,20.591975
1789356196,1,-123.115553,49.266606,0.000000,56.995014,-1.000000,1778.242934,1,0,7.130000
1789356273,1,-123.114611,49.262862,0.000000,20.811393,-1.000000,421.996338,1,0,23.299103
1789356482,1,-123.115327,49.263202,0.000000,24.313560,-1.000000,64.386352,1,0,29.008421
1789356512,1,-123.115751,49.263411,0.000000,7.213828,1.472146,38.634650,1,0,24.423569
1789356543,1,-123.116615,49.263262,0.000000,17.572738,-1.000000,65.031660,1,0,27.187764
1789356587,1,-123.117453,49.263207,0.000000,20.010344,-1.000000,61.298545,1,0,27.805962
1789356627,1,-123.117715,49.263436,0.000000,8.845705,0.564215,31.816232,1,0,27.987260
1789356677,1,-123.118660,49.263274,0.000000,22.347870,-1.000000,71.101033,1,0,29.464561
1789356712,1,-123.119125,49.263381,0.000000,16.101284,0.144056,35.875494,1,0,30.378677
1789356768,1,-123.119956,49.263254,0.000000,16.319497,-1.000000,62.110436,1,0,29.834892
1789356800,1,-123.120843,49.263280,0.000000,18.772534,-1.000000,64.623719,1,0,27.809890
